,index,diseasename,place,country,lat,lon,summary,issue_date,region/city,region/city lat,region/city lon,cases,deaths,total cases,total deaths,district
0,0,Crimean-Congo Hemorrhagic Fever,Serbia,Serbia,44,21,"One case of suspected polio, 24 cases of suspected Hepatitis A and one case of hemorrhagic fever have been registered in Kosovo. ""These are the first cases registered"" in Kosovo since the end of the NATO bombing, WHO says. The reader assumes all risks in using information posted by ProMED-mail.",8/18/1999,Kosovo,42.58333,20.91667,1.0,,,,Kosovski okrug
1,1,Crimean-Congo Hemorrhagic Fever,Serbia,Serbia,44,21,"5 cases of Crimean-Congo Hemorrhagic Fever (CCHF) in Kosovo region of Yugoslavia, all around the city of Pristina. Two of the cases have been ""confirmed"" 16 reports of CCHF so far this year, originating from Russia, Central Asia, South Africa and Middle East.",7/11/2000,Kosovo,42.58333,20.91667,5.0,,,,Kosovski okrug
2,2,Crimean-Congo Hemorrhagic Fever,Serbia,Serbia,44,21,"Cases of Crimean-Congo hemorrhagic fever are not particularly unexpected in this region. The single confirmed case recorded in Malisevo this year has not yet been notified. The figures for the last five years are as follows: 1995 - 119 cases, 16 fatal in Peja 68/9; 1996 - 23 cases, 5 fatal inPeja 9/2; 1997 - 8 cases, none fatal; 1998 - one case; 1999 - 7 cases, two fatal; 2000 - 4 cases.",12/31/1995,Peja,42.66030928,20.28886322,,,119.0,16.0,Pecki okrug
3,3,Crimean-Congo Hemorrhagic Fever,Serbia,Serbia,44,21,"Cases of Crimean-Congo hemorrhagic fever are not particularly unexpected in this region. The single confirmed case recorded in Malisevo this year has not yet been notified. The figures for the last five years are as follows: 1995 - 119 cases, 16 fatal in Peja 68/9; 1996 - 23 cases, 5 fatal inPeja 9/2; 1997 - 8 cases, none fatal; 1998 - one case; 1999 - 7 cases, two fatal; 2000 - 4 cases.",12/31/1996,Peja,42.66030928,20.28886322,,,23.0,5.0,Pecki okrug
4,4,Crimean-Congo Hemorrhagic Fever,Serbia,Serbia,44,21,"Cases of Crimean-Congo hemorrhagic fever are not particularly unexpected in this region. The single confirmed case recorded in Malisevo this year has not yet been notified. The figures for the last five years are as follows: 1995 - 119 cases, 16 fatal in Peja 68/9; 1996 - 23 cases, 5 fatal inPeja 9/2; 1997 - 8 cases, none fatal; 1998 - one case; 1999 - 7 cases, two fatal; 2000 - 4 cases.",12/31/1997,Peja,42.66030928,20.28886322,,,8.0,0.0,Pecki okrug
5,5,Crimean-Congo Hemorrhagic Fever,Serbia,Serbia,44,21,"Cases of Crimean-Congo hemorrhagic fever are not particularly unexpected in this region. The single confirmed case recorded in Malisevo this year has not yet been notified. The figures for the last five years are as follows: 1995 - 119 cases, 16 fatal in Peja 68/9; 1996 - 23 cases, 5 fatal inPeja 9/2; 1997 - 8 cases, none fatal; 1998 - one case; 1999 - 7 cases, two fatal; 2000 - 4 cases.",12/31/1998,Peja,42.66030928,20.28886322,,,1.0,0.0,Pecki okrug
6,6,Crimean-Congo Hemorrhagic Fever,Serbia,Serbia,44,21,"Cases of Crimean-Congo hemorrhagic fever are not particularly unexpected in this region. The single confirmed case recorded in Malisevo this year has not yet been notified. The figures for the last five years are as follows: 1995 - 119 cases, 16 fatal in Peja 68/9; 1996 - 23 cases, 5 fatal inPeja 9/2; 1997 - 8 cases, none fatal; 1998 - one case; 1999 - 7 cases, two fatal; 2000 - 4 cases.",7/13/1999,Peja,42.66030928,20.28886322,,,7.0,2.0,Pecki okrug
7,7,Crimean-Congo Hemorrhagic Fever,Serbia,Serbia,44,21,"Cases of Crimean-Congo hemorrhagic fever are not particularly unexpected in this region. The single confirmed case recorded in Malisevo this year has not yet been notified. The figures for the last five years are as follows: 1995 - 119 cases, 16 fatal in Peja 68/9; 1996 - 23 cases, 5 fatal inPeja 9/2; 1997 - 8 cases, none fatal; 1998 - one case; 1999 - 7 cases, two fatal; 2000 - 4 cases.",7/13/2000,Peja,42.66030928,20.28886322,1.0,,4.0,0.0,Pecki okrug
8,8,Crimean-Congo Hemorrhagic Fever,Serbia,Serbia,44,21,"Crimean-Congo Hemorrhagic Fever (CCHF) in Kosovo -- WHO Update 2. 44 case alerts have been notified to the Kosovo health authorities. Of these, 12 have been confirmed, and 16 have been found negative for CCHF. A further 16 are currently under investigation.",6/16/2001,Kosovo,42.58333,20.91667,28.0,,,,Kosovski okrug
9,9,Crimean-Congo Hemorrhagic Fever,Serbia,Serbia,44,21,"A ProMED-mail post is a program of the International Society for Infectious Diseases. WHO has reported 69 suspected cases of Crimean-Congo Haemorrhagic Fever in Kosovo. Of these, 18 are confirmed as Crimean-congo fever (CCHF); 15 by laboratory diagnosis.",6/30/2001,Kosovo,42.58333,20.91667,69.0,,,,Kosovski okrug
10,10,Crimean-Congo Hemorrhagic Fever,Serbia,Serbia,44,21,"4 new cases of suspected haemorrhagic fever reported in Prizren, Serbia. Overall number of persons suspected of having contracted the disease reaches 19. 3 of the confirmed cases were confirmed in Ljubljana, Slovenia. Crimean-Congo hemorrhagic fever is a severe tick-borne disease.",6/26/2004,Prizren,42.21389,20.739720000000002,4.0,,,,Prizrenski okrug
11,11,Crimean-Congo Hemorrhagic Fever,Pakistan,Pakistan,30,69,"CCHF is spread from birds and livestock to man by tick bite, and has a 50% mortality rate. We are seeing a fair amount of CCHF in Balochistan, which is proving to beinteresting. We have at least two other cases now serologically confirmed, and we are proposing to set up surveillance in Quetta.",9/13/1995,Balochistan,28.47849,65.64355,2.0,,,,Kalat
12,12,Crimean-Congo Hemorrhagic Fever,Pakistan,Pakistan,30,69,Four cases of Crimean-Congo haemorrhagic fever have been diagnosed in Pakistan. The four cases belonged to the same family of herders living in close contact with their sheep. The reader assumes all risks in using information posted or archived by ProMED-mail. The accuracy and completeness of the information posted is not guaranteed.,5/9/1998,,,,4.0,,,,
13,13,Crimean-Congo Hemorrhagic Fever,Pakistan,Pakistan,30,69,"In December 1994 in a private hospital in Quetta, Pakistan, 3 health-workers contracted Crimean-Congo Haemorrhagic Fever (CCHF) after actively bleeding patient who later died. Two of 4 people exposed percutaneously, i.e. blood crossing breached skin, contracted CCHF, and 1 of 5 with cutaneous exposure,.i. blood touching intact skin. No anti-C CHF antibodies or cases among persons who had body fluids other than blood contact skin.",8/11/1998,Quetta,30.184140000000003,67.00140999999999,3.0,1.0,,,Quetta
14,14,Crimean-Congo Hemorrhagic Fever,Pakistan,Pakistan,30,69,"A patient from Baluchistan, and a male nursing assistant attending the patient, died on Fri 3 Nov 2000 in the Aga Khan Private Hospital. The disease was confirmed as Crimean Congo Hemorrhagic Fever (CCHF) after blood samples were sent to the Centers for Disease Control in the United States. CCHF was first detected in Crimea in 1944 and again in Congo in 1956.",11/8/2000,Balochistan,28.47849,65.64355,0.0,2.0,,,Kalat
15,15,Crimean-Congo Hemorrhagic Fever,"Sindh, Pakistan",Pakistan,26,69,"A new case of Congo-Crimean hemorrhagic fever (CCHF) has been admitted to Jinnah Postgraduate Medical Centre (JPMC) The patient has been moved to an isolation ward in the Medical Intensive Care Unit (ICU) to prevent other patients from contracting the viral infection. So far 14 CCHF patients had been brought to the hospital, and 5 of them had died. 10 people have died at various Karachi hospitals because of CCHf this year.",9/22/2018,Jinnah Postgraduate Medical Centre,24.85223043,67.04427518,1.0,5.0,,,Karachi
16,16,Crimean-Congo Hemorrhagic Fever,Pakistan,Pakistan,30,69,Crimean-Congo hemorrhagic fever has reportedly hit northern parts of Pakistan. 2 nurses at the Shifa International Hospital were found to be suffering from the same disease. The disease originated in Africa in 1967 and is still common there. A doctor at the hospital said there was no chance of an epidemic spreading in Islamabad.,4/4/2001,Faisalabad,31.413,73.178,2.0,0.0,,,Faisalabad
17,17,Crimean-Congo Hemorrhagic Fever,Pakistan,Pakistan,30,69,"Deaths in Islamabad and Peshawar Confirmed as Cases of Crimean-Congo hemorrhagic fever (CCHF) 2 people who died in Pakistan and whose blood samples had been sent to the NIV were victims of CCHF. The NIH had sent the blood samples of the 3, which confirmed 3, that the [s from the 2 deceased patients were that the virus-positive]. It, however, was not available for confirmation of the virus.",4/24/2001,Islamabad,33.72148,73.04329,,2.0,,,Islamabad
18,18,Crimean-Congo Hemorrhagic Fever,Pakistan,Pakistan,30,69,Crimean-Congo hemorrhagic fever is suspected in Pakistan. 2 people have died and 4 more are fighting for their lives in Quetta. The same acute hemorrhagic fever claimed 18 lives in Baluchistan late last year.Laboratory confirmation is lacking; the diagnosis appears to be lacking.,5/31/2001,Quetta,30.184140000000003,67.00140999999999,4.0,2.0,,,Quetta
19,19,Crimean-Congo Hemorrhagic Fever,Pakistan,Pakistan,30,69,"Only 35 cases of the virus have been reported in the Pakistani-Afghan frontier region and only 4 people are currently being treated. ""Nothing suggests it will get worse,"" said Ian Simpson of the WHO. The WHO also dismissed rumors that the disease was being spread as biological warfare.",10/10/2001,,,,35.0,,,,
20,20,Crimean-Congo Hemorrhagic Fever,Pakistan,Pakistan,30,69,Crimean-Congo hemorrhagic fever in Pakistan is suspected to be the cause of 3 deaths. A female physician contracted the fever while taking care of a female patient brought in from Az Kashmir. She was given intravenous antiviral medication and support but developed uncontrolled hemorrhage from multiple sites and died.,2/28/2002,,,,,3.0,,,
21,21,Crimean-Congo Hemorrhagic Fever,"Balochistan, Pakistan",Pakistan,28,66,"2 people, including a staffer of Roznama Express Newspaper, have died due to [Crimean-] Congo virus in Quetta. The death toll from the virus in the city has now risen to 4 over the last 3 months. Crimean-Congo hemorrhagic fever (CCHF) is a widespread tick-borne viral disease that affects both wild and domestic animals.",10/16/2014,Quetta,30.184140000000003,67.00140999999999,,2.0,,,Quetta
22,22,Crimean-Congo Hemorrhagic Fever,"Quetta, Balochist?n, Pakistan",Pakistan,30,67,"11 cases of suspected CCHF have been admitted to the TB hospital in Quetta [Balochistan] since 1 Oct [2015]. All had a history of animal handling due to Eidul Azha [Islamic Feast of Sacrifice]. Of these, 3 of them died and one is still in critical condition. Samples for C CHF tests have been dispatched to NIH.",10/7/2015,Quetta,30.184140000000003,67.00140999999999,11.0,3.0,,,Quetta
23,23,Crimean-Congo Hemorrhagic Fever,Pakistan,Pakistan,30,69,"Crimean-Congo hemorrhagic fever (CCHF) was first reported in Pakistan in 1970. Outbreaks were reported in Baluchistan Province during the dry season in 1976, 1987, and 1994. Total cases for 2000 to 2001 are estimated at 115, with 34 to 39 deaths.",12/31/2000,,,,,,115.0,34.0,
24,24,Crimean-Congo Hemorrhagic Fever,Pakistan,Pakistan,30,69,"Hospitals in southwestern Pakistan put on high alert after 3 people from one family die of suspected Crimean-Congo hemorrhagic fever. The disease is spread by ticks from livestock and can be transmitted by infected people through their blood, saliva or droplets from sneezing. CCHF is endemic in this region.",5/12/2004,,30.0,70.0,,3.0,,,Dera Ghazi Khan
25,25,Crimean-Congo Hemorrhagic Fever,Pakistan,Pakistan,30,69,"3 people have died and 4 others have been admitted to hospital with suspected Crimean-Congo hemorrhagic fever in Baluchistan. The outbreak was not in Quetta, but is in rural areas. Outbreak is due to tick infestation of local livestock. About 30 per cent of people who contract the disease can die.",5/18/2004,Balochistan,28.47849,65.64355,4.0,3.0,,,Kalat
26,26,Crimean-Congo Hemorrhagic Fever,Pakistan,Pakistan,30,69,"A 4th Pakistani has died of suspected Crimean-Congo Hemorrhagic fever virus (CCHFV) infection in the southwestern city of Quetta. CCHF is a tick-borne virus stemming from livestock that is transmitted into open cuts and sores. It causes massive bleeding through the nose, mouth and ears.",6/8/2004,,,,,4.0,,,
27,27,Crimean-Congo Hemorrhagic Fever,Pakistan,Pakistan,30,69,"Crimean-Congo hemorrhagic fever virus (CCHFV) has once again struck the interior parts of Baluchistan. 4 nomads including a baby have fallen                 prey to the disease in past few days. Medical facilities are not available in this remote region, and as a consequence the death toll may rise.",6/21/2004,Balochistan,28.47849,65.64355,,4.0,,,Kalat
28,28,Crimean-Congo Hemorrhagic Fever,Pakistan,Pakistan,30,69,"The patient was pronounced dead at Fatima Jinnah Chest and General Hospital in Quetta, taking the toll to 3 in 3 days. This is the 3rd reported fatal CCHF case from Balochistan that ProMED-mail has posted this year (2015) In addition, there is a recent report of 11 cases of suspected C CHF that have been admitted to the TB hospital in Queta [Balochistan] since 1 Oct 2015. Of these, 3 of them died, and one is still in critical condition. Samples for CCHf tests have been dispatched to NIH.",10/7/2015,Quetta,30.184140000000003,67.00140999999999,0.0,3.0,,,Quetta
29,29,Crimean-Congo Hemorrhagic Fever,Pakistan,Pakistan,30,69,12-year-old girl hospitalized in Islamabad with CCHFV infection. Girl tested positive for Crimean-Congo hemorrhagic fever virus infection. Hospital administration closed the emergency ward for 2 days because of the presence of the patient. The girl was moved to the Pakistan Institute of Medical Sciences.,4/25/2005,Islamabad,33.72148,73.04329,1.0,,,,Islamabad
30,30,Crimean-Congo Hemorrhagic Fever,"Sindh, Pakistan",Pakistan,26,69,"A 19-year-old man died from Congo fever at Jinnah Postgraduate Medical Centre (JPMC) on [Mon 1 Apr 2019], after which the death toll due to the fever mounted to 3 this year [2019]. CCHF is a tick-borne viral disease that is mainly contracted by people who deal with cattle and livestock. The symptoms of Congo virus include backache, joint pain, pain in the abdomen, high fever and bleeding from any part of the body.",4/2/2019,Jinnah Postgraduate Medical Centre,24.85223043,67.04427518,,1.0,,3.0,Karachi
31,31,Crimean-Congo Hemorrhagic Fever,Pakistan,Pakistan,30,69,"7 members of a family suspected of having been infected were taken to Islamabad for specialized treatment, adding that one of them perished on the way. The victims were suffering from fever and hematuria and developed hemorrhagic spots on their bodies. Doctors say its onset is sudden with symptoms including headache, high pain, joint pain, stomach pain, vomiting and flushed face.",5/21/2006,Islamabad,33.72148,73.04329,7.0,1.0,,,Islamabad
32,32,Crimean-Congo Hemorrhagic Fever,Pakistan,Pakistan,30,69,"From 1 Jan 2013 to 9 Jun 2013, a total of 16 suspected cases of Crimean-Congo hemorrhagic fever (CCHF) were reported from Pakistan. In 2012, the country faced a similar outbreak of CCHF with 61 suspected cases, including 17 deaths (case-fatality rate 27.8 percent) reported from the disease. The virus is transmitted to people from ticks and livestock animals.",12/31/2012,,,,61.0,17.0,,,
33,33,Crimean-Congo Hemorrhagic Fever,Pakistan,Pakistan,30,69,"From 1 Jan 2013 to 9 Jun 2013, a total of 16 suspected cases of Crimean-Congo hemorrhagic fever (CCHF) were reported from Pakistan. In 2012, the country faced a similar outbreak of CCHF with 61 suspected cases, including 17 deaths (case-fatality rate 27.8 percent) reported from the disease. The virus is transmitted to people from ticks and livestock animals.",6/20/2013,,,,16.0,,,,
34,34,Crimean-Congo Hemorrhagic Fever,"Haz?ra Division, North West Frontier Province, Pakistan",Pakistan,35,73," Crimean-Congo hemorrhagic fever (CCHF) has claimed the lives of 2 people hailing from Havelian, a suburb of Abbottabad. An emergency meeting, headed by the Hazara commissioner, has alerted the district administrations of all the six districts and Health and Livestock Departments to take the remedial steps.",9/14/2013,Havelian,34.04661038,73.14131153,,2.0,,,Hazara
35,35,Crimean-Congo Hemorrhagic Fever,"Haz?ra Division, North West Frontier Province, Pakistan",Pakistan,35,73,"A man from Abbottabad has died of Crimean-Congo haemorrhagic fever (CCHF) at the Pakistan Institute of Medical Sciences. His father and brother have been admitted to the hospital after succumbing to the same tick-borne zoonotic viral disease. One of the deceased's brothers had already lost his life to CCHF, which, according to the WHO, has a high fatality rate (10-40 per cent)",9/14/2013,Abbottabad,34.18557,73.239542,2.0,1.0,,,Hazara
36,36,Crimean-Congo Hemorrhagic Fever,Pakistan,Pakistan,30,69,"Four butchers died after being infected with Crimean-Congo hemorrhagic fever virus [CCHF] virus in September 2013. People in areas of Punjab, K-P and Balochistan have been exposed to the deadly virus. People think that because of its name, CCHF virus cannot be found in Pakistan, which is an ignorant assumption.",10/7/2013,,,,,4.0,,,
37,37,Crimean-Congo Hemorrhagic Fever,Pakistan,Pakistan,30,69,"3 patients believed to have Crimean-Congo hemorrhagic fever (CCHF) died at Pims in April and May this year. CCHF virus is endemic in Africa, the Balkans, the Middle East, and Asia, in countries south of the 50th parallel north. Cases occur with some frequency in Pakistan.",5/24/2014,Pims,33.70420458,73.05277857,,3.0,,,Islamabad
38,38,Crimean-Congo Hemorrhagic Fever,Pakistan,Pakistan,30,69,Crimean-Congo hemorrhagic fever (CCHF) has been reported in two cases in Pakistan. CCHF virus is transmitted to livestock via ticks. People usually acquire infection with this virus from infected livestock. No more cases were identified in the family or surrounding area.,5/26/2014,,,,2.0,,,,
39,39,Crimean-Congo Hemorrhagic Fever,Pakistan,Pakistan,30,69,"Crimean Congo hemorrhagic fever (CCHF) is endemic in the region of northwestern Pakistan/Afghanistan and neighboring Iran. Only the 2nd case was laboratory confirmed, but the bleeding symptoms of the others strongly suggested CCHF. The 3 patients are in addition to the 3 reported in previous posts (see ProMED-mail archives below)",5/28/2014,,,,6.0,,,,
40,40,Crimean-Congo Hemorrhagic Fever,Pakistan,Pakistan,30,69,"An Afghan national has died of Crimean-Congo hemorrhagic fever (CCHF) in a hospital in Quetta. According to the news report above, 9 patients have been admitted in the same hospital. So far in 2015, a total of 80 cases including 15 deaths have been reported. The source of the infection has not been mentioned in the report.",10/7/2015,Quetta,30.184140000000003,67.00140999999999,9.0,0.0,80.0,15.0,Quetta
41,41,Crimean-Congo Hemorrhagic Fever,"Khyber Pakhtunkhwa, Pakistan",Pakistan,34,73,"A patient with Crimean-Congo haemorrhagic fever (CCHF) passed away at a Peshawar hospital on Saturday. 11 Congo virus patients, including 6 from Afghanistan and one staffer, have been brought to HMC. Of these 11,  5 have died. CCHF is primarily transmitted to people from ticks and livestock.",7/16/2014,Peshawar,34.008,71.57849,1.0,5.0,,,Peshawar
42,42,Crimean-Congo Hemorrhagic Fever,Pakistan,Pakistan,30,69,"The number of CCHF virus infections has increased from 8 on 12 Jul 2014 to 11 infections 4 days later, and now there are 12 on 22 Jul 2014. The virus can cause severe viral hemorrhagic fever outbreaks, with a case fatality rate of 10-40 per cent. It is not clear how many of these infections were acquired in Pakistan or in Afghanistan.",7/22/2014,,,,12.0,,,,
43,43,Crimean-Congo Hemorrhagic Fever,Pakistan,Pakistan,30,69,"Crimean-Congo hemorrhagic fever (CCHF) is endemic in Pakistan and Afghanistan. 12 patients have been brought to Hayatabad Medical Complex (HMC) hospital Peshawar so far this year, of whom 6 have died. 4 private rooms at HMC have been declared isolation units for CCHF patients and any individual brought to the casualty department with the symptoms will be admitted to the isolation ward.",7/24/2014,Peshawar,34.008,71.57849,12.0,6.0,,,Peshawar
44,44,Crimean-Congo Hemorrhagic Fever,Pakistan,Pakistan,30,69,"At least 4 people, including a woman, were infected with the virus in the small village of Killi Blump near Meena Bazaar, located 40km from Zhob city. Western Pakistan and its border with Afghanistan are endemic areas for Crimean Congo hemorrhagic fever (CCHF) virus. The virus is primarily transmitted to people from ticks and livestock animals.",8/17/2014,Meena Bazaar,30.82949021,76.71322389,4.0,,,,
45,45,Crimean-Congo Hemorrhagic Fever,"Punjab Province, Pakistan",Pakistan,31,72,"A 62-year-old male patient was brought to the hospital 4 days ago from Choha Saiden Shah in Chakwal (Punjab) with a high fever. The hospital suspected it could be dengue fever and sent samples for testing to the National Institute of Health (NIH) The results showed that the patient was suffering from Crimean-Congo haemorrhagic fever (CCHF) CCHF is now endemic in Pakistan, and 40-60 cases and isolated outbreaks are reported.",7/31/2016,Saiden Shah,30.79389,73.117,1.0,,,,Multan
46,46,Crimean-Congo Hemorrhagic Fever,"Punjab Province, Pakistan",Pakistan,31,72,"A woman suffering from Crimean Congo Hemorrhagic Fever (CCHF) died of the disease at Shifa International Hospital (SIH) here [Fri 6 Apr 2018]. This is the 1st confirmed case of CCHF in Pakistan this year. The case originated from southern Punjab region, with the history of animal handling in the case.",4/7/2018,Shifa International Hospital,33.67796738,73.06537413,1.0,1.0,,,Islamabad
47,47,Crimean-Congo Hemorrhagic Fever,Pakistan,Pakistan,30,69,"A 29-year-old man has been diagnosed with Congo-Crimean hemorrhagic fever. He has been admitted to an isolation ward at Jinnah Postgraduate Medical Centre. CCHF is a lethal viral infection that is transmitted to humans from animals. The National Institute of Health (NIH) has issued an advisory, calling for different stakeholders to take timely steps for the prevention and control of Congo virus.",8/10/2019,Jinnah Postgraduate Medical Centre,24.85223043,67.04427518,1.0,,,,Karachi
48,48,Crimean-Congo Hemorrhagic Fever,"Marriabad, Balochistan, Pakistan",Pakistan,30,67,"Another patient of Crimean-Congo hemorrhagic fever (CCHF) virus expired during treatment at hospital here [Quetta] on [Tue 13 Oct 2015], taking the death toll to 17 in the country. To date, 4 people have died of the dreadful Congo virus in Quetta after Eidul Azha [Festival of the Sacrifice], while the toll due to the virus across the country has climbed to 17. 3 Congo affected patients were under treatment at Fatima Jinnah Hospital Quetta and 9 in other hospitals across Pakistan.",10/14/2015,Quetta,30.184140000000003,67.00140999999999,,4.0,,17.0,Quetta
49,49,Crimean-Congo Hemorrhagic Fever,Pakistan,Pakistan,30,69,"At least 7 people have died of Crimean Congo Hemorrhagic Fever (CCHF) in the Aga Khan Private hospital in Karachi, Pakistan. The hospital has confirmed the death of only 2 people, but sources say not less than 7 have died in the last few weeks. The cases are all those suffering from high fever and being kept in isolation.",11/8/2000,Karachi,24.8608,67.0104,0.0,7.0,,,Karachi
50,50,Crimean-Congo Hemorrhagic Fever,"Karachi, Sindh, Pakistan",Pakistan,25,67," Crimean-Congo hemorrhagic fever (CCHF) is a tick-borne viral disease, which can afflict domestic and wild animals and may also affect humans. The disease got its name after it was first described in Crimea in 1944 and later found in Congo, caused by the same pathogen. Nearly 50 cases of the disease have so far been reported from different parts of the country this year.",10/11/2014,,,,,,50.0,,
51,51,Crimean-Congo Hemorrhagic Fever,"Loralai District, Balochist?n, Pakistan",Pakistan,30,69,"A patient admitted on suspicion of Congo virus [Crimean-Congo hemorrhagic fever, CCHF] in Fatima Jinnah Chest Hospital Quetta passed away Saturday noon. In Pakistan, overall 11 cases of this virus have been reported in 2017, of which 4 patients recovered and 2 and one died from the confirmed and suspected virus, respectively.",5/8/2017,Quetta,30.184140000000003,67.00140999999999,1.0,,11.0,3.0,Quetta
52,52,Crimean-Congo Hemorrhagic Fever,Pakistan,Pakistan,30,69,"More than 40 people have been diagnosed with hemorrhagic fever in Karachi. Doctors in Karachi have been ordered to take special protective measures. The disease can spread by massive bleeding, with which patients with the fever suffer. A woman doctor, who has died, was admitted to AKUH bleeding profusely.",11/27/2005,Karachi,24.8608,67.0104,40.0,1.0,,,Karachi
53,53,Crimean-Congo Hemorrhagic Fever,"Tharp?rkar, Sindh, Pakistan",Pakistan,26,69,"Crimean-Congo hemorrhagic fever (CCHF) in various parts of Pakistan are continuing this year (2014) 2 deaths have been reported in Karachi, with a young butcher from the city's central district succumbing to the virus on 22 Aug [2014]. 16 CCHF cases had been reported just at Aga Khan University laboratories across Pakistan.",11/22/2014,,,,16.0,2.0,,,
54,54,Crimean-Congo Hemorrhagic Fever,"Karachi, Sindh, Pakistan",Pakistan,25,67,"The 2nd Congo virus [Crimean-Congo hemorrhagic fever] case of the year [2014] recently surfaced in the city [Karachi, Sindh province]. Luckily, the patient is said to be in a stable condition. The history of the latest patient shows that he used to play in a ground located near a cattle pen. Health care providers fear that the situation seems very critical as 2 cases have surfaced within 15 days and thousands of animals are being brought to the city every day.",9/13/2014,Karachi,24.8608,67.0104,3.0,,,,Karachi
55,55,Crimean-Congo Hemorrhagic Fever,Pakistan,Pakistan,30,69,"A 51-year-old man died in Karachi due to the deadly, tick-borne viral disease. This was the 3rd case reported in the city this year, with 2 of them fatal. The man's exposure may have been via tick bite or exposure to the blood of an infected animal.",9/29/2014,Karachi,24.8608,67.0104,1.0,2.0,,,Karachi
56,56,Crimean-Congo Hemorrhagic Fever,Pakistan,Pakistan,30,69,"2 young men and a 35-year-old woman in Karachi have Congo-Crimean haemorrhagic fever (CCHF) CCHF virus is a tickborne virus in the genus _Nairovirus_, family _Bunyaviridae. The virus can cause severe viral hemorrhagic fever outbreaks, with a case fatality rate of 10-40 per cent.",10/31/2014,Karachi,24.8608,67.0104,3.0,,,,Karachi
57,57,Crimean-Congo Hemorrhagic Fever,"Tharp?rkar, Sindh, Pakistan",Pakistan,26,69,"A 50-year-old resident of Chahcro, had been admitted to a private hospital in the city after his blood samples tested positive for the Crimean-Congo haemorrhagic fever (CCHF) virus. 2 deaths have been reported in Karachi, with a young butcher from the city's central district succumbing to the virus on [22 Aug 2014].",11/25/2014,Karachi,24.8608,67.0104,1.0,2.0,,,Karachi
58,58,Crimean-Congo Hemorrhagic Fever,Pakistan,Pakistan,30,69,"A man, a man, 38 years old, with co-morbidity (viral hepatitis C) from Jalalabad [Nangarhar province], Afghanistan, with a short history [4 days only] of high grade fever and bleeding from the mouth and nose, landed at Northwest General private hospital Peshawar [Khyber-Pakhtunkhwa province, Pakistan] on 5 May 2015. He was treated as a chronic liver disease patient and a splenectomy was planned to correct the thrombocytopenia. However, this patient was transferred to Maroof International Hospital Islamabad [Pakistan] on 7 May [2015] on the request of relatives, but against",5/15/2015,Peshawar,34.008,71.57849,1.0,,,,Peshawar
59,59,Crimean-Congo Hemorrhagic Fever,Pakistan,Pakistan,30,69,"A 35-year-old man hailing from Quetta died of the Congo Crimean Haemorrhagic Fever (CCHF) at a private hospital in Karachi on [Wed 13 Sep 2017]. Another Congo fever patient - a teenager from Queta - was admitted to the Jinnah Postgraduate Medical Centre's intensive care unit in critical condition on [Thu 14 Sep 2017], officials of the Sindh Health Department told The News. 4 people brought from Balochistan - all residents of Quetta's Satellite Town - for treatment of Congo virus have died at different hospitals in Karachi over the past 6 months. A highly contagious viral disease caused by a tick, Congo Crimean Hemorrhagen Fever",9/16/2017,Quetta,30.184140000000003,67.00140999999999,1.0,1.0,,,Quetta
60,60,Crimean-Congo Hemorrhagic Fever,Pakistan,Pakistan,30,69,"The man, aged 37, was admitted to a private hospital with a severe fever, shortness of breath and haemorrhage 2 days before he was pronounced dead by doctors on Saturday. ""It was the 1st case of CCHF in Sindh in 2015,"" said an official in the provincial health department. The victim caught the viral disease through a tick found on animals.",5/24/2015,Sindh,26.133329999999997,68.76666999999999,1.0,,,,Mirpur Khas
61,61,Crimean-Congo Hemorrhagic Fever,Pakistan,Pakistan,30,69,"A 45 year old man from the village Beyali, Mansehra, an animal trader, became ill with fever and loose motions [bowels?] on 8 May 2015. He was treated by local doctors in the village. On 17 May 2015, he was shifted to the Pakistan Institute of Medical Sciences Islamabad for further treatment, where he was kept in ICU. A sample for Crimean-Congo haemorrhagic fever [CCHF] serology was sent on [20? May 2015]. He expired on 21 May 2015 and the case was declared CCHF positive by the National Institute of Health on 24 May2015. The circumstances under which the patient acquired his CCH",6/2/2015,Beyali,37.45,39.25,1.0,,,,
62,62,Crimean-Congo Hemorrhagic Fever,Pakistan,Pakistan,30,69,"A 13-year-old Afghan national is suspected to be infected with the Crimean-Congo haemorrhagic fever [CCHF], commonly known as Congo virus. The number of patients from Afghanistan arriving in the city for medical treatment has increased over the last 2 months. At least 9 suspected virus-carriers have been brought to the provincial capital [Peshawar] for treatment during the last two months.",6/28/2015,Peshawar,34.008,71.57849,10.0,,,,Peshawar
63,63,Crimean-Congo Hemorrhagic Fever,"Balochistan, Pakistan",Pakistan,28,66,"A teenager from Quetta has contracted the Crimean-Congo haemorrhagic fever (CCHF) and is being treated in the isolation ward of the Jinnah Postgraduate Medical Centre. The CCHF is caused when a person comes into contact with the deadly virus that is found in ticks present on the bodies of cattle and some other animals. Quetta is a hub of the Congo virus, as several people contract the viral disease due to movement of cattle from Afghanistan.",5/26/2018,Quetta,30.184140000000003,67.00140999999999,1.0,,,,Quetta
64,64,Crimean-Congo Hemorrhagic Fever,"Sindh, Pakistan",Pakistan,26,69,"Officials at Jinnah Postgraduate Medical Centre (JPMC) confirmed on [Fri 31 Aug 2018] a second patient from Quetta, Balochistan, was affected by Congo Crimean Hemorrhagic Fever [CCHF] adding that now 2 patients suffering from the disease are under treatment at the health facility.",9/3/2018,Quetta,30.184140000000003,67.00140999999999,1.0,,,,Quetta
65,65,Crimean-Congo Hemorrhagic Fever,Pakistan,Pakistan,30,69,A patient died at the Hayatabad Medical Complex here on Saturday [1 Aug 2015] from Crimean-Congo hemorrhagic fever virus [CCHFV]. There are 3 patients being treated at the hospital from the virus [infection]. The patient who died is from Afghanistan. It is not clear whether the other 2 patients are also from there or are from Pakistan.,8/3/2015,Hayatabad Medical Complex,33.99244,71.45033000000001,3.0,1.0,,,Peshawar
66,66,Crimean-Congo Hemorrhagic Fever,"Khyber Pakhtunkhwa, Pakistan",Pakistan,34,73,"2 new cases of Crimean-Congo hemorrhagic fever (CCHF) have been diagnosed at a hospital in Peshawar, Khyber-Pakhtunkhwa. The patients are residents of 2 cities, Peshawar and Kohat. The source of the infection for the cases is not mentioned in the news report.",9/13/2015,Peshawar,34.008,71.57849,2.0,,,,Peshawar
67,67,Crimean-Congo Hemorrhagic Fever,"Khyber Pakhtunkhwa, Pakistan",Pakistan,34,73,The Crimean-Congo hemorrhagic fever (CCHF) virus is endemic in Pakistan. Cases of CCHF occurred in Khyber Pakhtunkhwa and in Sindh provinces this year (2015) and in various parts of Pakistan last year (2014) The 12-year-old is reported to be out of danger while the other patient is still in critical condition.,9/15/2015,,,,1.0,,,,
68,68,Crimean-Congo Hemorrhagic Fever,"Balochistan, Pakistan",Pakistan,28,66,"A patient, who had contracted Crimean-Congo viral haemorrhagic fever (CCHF), died in a Nishtar Hospital in Multan, Punjab. He probably acquired the infection via a tick bite or exposure to the blood of an infected animal. CCHF virus is a tickborne virus in the genus _Nairovirus_, family _Bunyaviridae. It can cause severe viral hemorrhagic fever outbreaks, with a case fatality rate of 10-40 percent.",9/18/2015,Multan,30.196790000000004,71.47824,,1.0,,,Multan
69,69,Crimean-Congo Hemorrhagic Fever,"Balochistan, Pakistan",Pakistan,28,66,"A 50-year-old male patient from Balochistan province died of Crimean-Congo hemorrhagic fever (CCHF) in a hospital in Multan, Punjab province. The source of infection and detailed clinical information about the deceased are not mentioned in the news report.Detailed information on the case from knowledgeable sources would be much appreciated. CCHF is endemic in Pakistan.",9/19/2015,Balochistan,28.47849,65.64355,,1.0,,,Kalat
70,70,Crimean-Congo Hemorrhagic Fever,"Khyber Pakhtunkhwa, Pakistan",Pakistan,34,73,"The Congo virus has spread through animal markets in Peshawar where livestock in large numbers have been brought ahead of Eidul Azha. Reports say that 9 people have already died after contracting the virus, which is almost invariably fatal. Those who are in frequent contact with animals, including the keepers of livestock, vets, poachers, are most at risk.",9/21/2015,Peshawar,34.008,71.57849,,9.0,,,Peshawar
71,71,Crimean-Congo Hemorrhagic Fever,Pakistan,Pakistan,30,69,"In Karachi, 2 more people with Crimean-Congo haemorrhagic fever (CCHF) were admitted to Jinnah Postgraduate Medical Center. The condition of one patient was reported critical. Nearly 50 cases of the disease have so far been reported from different parts of the country this year (2014) There have been 19 suspected cases with 6 deaths reported in Karachi so far in 2014 (see the archives cited below)",12/15/2014,Karachi,24.8608,67.0104,2.0,,50.0,,Karachi
72,72,Crimean-Congo Hemorrhagic Fever,Pakistan,Pakistan,30,69,"Two more people with Crimean-Congo haemorrhagic fever (CCHF) were admitted to Jinnah Postgraduate Medical Center. The condition of one patient was reported as critical. According to the health officials, 6 people have died due to CCHF in 2014, while 19 patients have been reported from different areas of the city.",12/16/2014,Karachi,24.8608,67.0104,2.0,,,,Karachi
73,73,Crimean-Congo Hemorrhagic Fever,"Barkhan District, Balochistan, Pakistan",Pakistan,30,70,"A child from Balochistan died with suspected Crimean-Congo hemorrhagic fever (CCHF) in a hospital in Multan, Punjab. The child was being treated at the hospital since 23 Sep 2015. The source of the infection is not mentioned in the news report. It would be interesting to know if the child was related to or came into contact with the deceased person.",10/2/2015,Balochistan,28.47849,65.64355,,1.0,,,Kalat
74,74,Crimean-Congo Hemorrhagic Fever,Pakistan,Pakistan,30,69,"A 7-year-old boy from Barkhan district, Balochistan, died from Crimean-Congo hemorrhagic fever. The virus is endemic in Pakistan. Cases of CCHF have occurred in Khyber Pakhtunkhwa, Punjab, and Sindh provinces this year and in various parts of Pakistan last year.",10/4/2015,Balochistan,28.47849,65.64355,,1.0,,,Kalat
75,75,Crimean-Congo Hemorrhagic Fever,"Balochistan, Pakistan",Pakistan,28,66,"A patient, AK, son of H, resident of Quetta Baluchistan, was brought to the emergency department with history of fever and nasal blood for 2 days. He was diagnosed Congo through lab reports. The patient was exposed having contact history with animals. A total of 8 Congo-infected patients have been reported in the hospital so far, out of which 5 were cured and discharged.",7/28/2019,Quetta,30.184140000000003,67.00140999999999,8.0,,,,Quetta
76,76,Crimean-Congo Hemorrhagic Fever,"Balochistan, Pakistan",Pakistan,28,66,"3 more suspected Congo virus patients admitted to Quetta's Fatima Jinnah Hospital diagnosed with disease. This took the tally of confirmed Congo virus cases to 25 in Balochistan this year [2019]. The virus has also claimed 5 lives, according to Dr Sadiq, the head of the ward at the hospital where Congo fever patients are treated.",9/6/2019,Quetta,30.184140000000003,67.00140999999999,3.0,5.0,,,Quetta
77,77,Crimean-Congo Hemorrhagic Fever,"Balochistan, Pakistan",Pakistan,28,66,"Another patient died of the Congo virus in Quetta's Fatima Jinnah Hospital. So far, 47 people suspected to have the disease have been admitted to the hospital. A total of 6 people have died from the disease. Public health advice should focus on several aspects. Reducing the risk of tick-to-human transmission.",9/15/2019,Quetta,30.184140000000003,67.00140999999999,1.0,1.0,,,Quetta
78,78,Crimean-Congo Hemorrhagic Fever,Pakistan,Pakistan,30,69,"Crimean-Congo hemorrhagic fever was first seen in Rawalpindi, where a 25-year-old female doctor was the first person to die. The outbreak was extremely short and incubation period was very short. The first patient to die was a female doctor (25 years old), who died on the 'Eid of the Sacrifice'",3/13/2002,Rawalpindi,33.59733,73.0479,,1.0,,,Rawalpindi
79,79,Crimean-Congo Hemorrhagic Fever,"Sindh, Pakistan",Pakistan,26,69,"Crimean-Congo hemorrhagic fever (CCHF) was confirmed in 2 under-treatment patients in Civil Hospital Karachi [Sindh province] Last year, 17 cases of CCHF were reported in the country, with 9 of them in Sindh province. They probably acquired the infection via a tick bite or exposure to the blood of an infected animal.",1/15/2015,Karachi,24.8608,67.0104,2.0,,,,Karachi
80,80,Crimean-Congo Hemorrhagic Fever,"Khyber Pakhtunkhwa, Pakistan",Pakistan,34,73,"Congo virus has killed at least 11 patients in Khyber Pakhtunkhwa province only owing to a drastic lack of medical facilities. At least 25 Congo virus-positive patients from Peshawar, Swabi, Kohat and Dir were brought to Hyatabad Medical Complex in critical condition in last 5 months.",10/19/2015,Khyber Pakhtunkhwa,34.96147233,72.32661195,25.0,11.0,,,Malakand
81,81,Crimean-Congo Hemorrhagic Fever,Pakistan,Pakistan,30,69,"2 brothers suspected to be suffering from Crimean-Congo Hemorrhagic Fever (CCHF) died in Rawalpindi. CCHF virus was first isolated in 1970 from ticks from the Changa Manga forest, Lahore district, and from Hunza, Gilgit Agency. In humans, the disease appears suddenly with symptoms similar to those of influenza.",2/28/2003,Rawalpindi,33.59733,73.0479,,2.0,,,Rawalpindi
82,82,Crimean-Congo Hemorrhagic Fever,"Khyber Pakhtunkhwa, Pakistan",Pakistan,34,73,"A patient of Congo virus expired during treatment at Peshawar's Hayatabad Medical Complex [Khyber Pakhtunkhwa province], ARY News reported on Tuesday. The fresh death increased the death toll by Crimean-Congo hemorrhagic fever (CCHF) in Pakistan, to 24. The incidence of CCHF in Pakistan is widespread.",11/6/2015,Peshawar,34.008,71.57849,,1.0,,24.0,Peshawar
83,83,Crimean-Congo Hemorrhagic Fever,Pakistan,Pakistan,30,69,"A patient died of Crimean-Congo hemorrhagic fever in Rawalpindi General Hospital. The doctor who first attended to the patient also developed symptoms of the virus. The patient was placed in isolation to avoid further transmission. The affected area has been surveyed, and the agriculture and livestock department has developed a plan to spray cattle sheds.",9/27/2004,Rawalpindi,33.59733,73.0479,1.0,1.0,,,Rawalpindi
84,84,Crimean-Congo Hemorrhagic Fever,"Karachi, Sindh, Pakistan",Pakistan,25,67,"A new case of Crimean-Congo hemorrhagic fever (CCHF) has been reported from Karachi, bringing the total number of cases to 4 this year (2015) The patient is undergoing treatment at a hospital and is recovering. However, the report does not mention the source of the infection. As many as 4 patients have surfaced so far in Pakistan.",9/30/2015,Karachi,24.8608,67.0104,1.0,,,,Karachi
85,85,Crimean-Congo Hemorrhagic Fever,"Karachi, Sindh, Pakistan",Pakistan,25,67,"A 49 year old victim was diagnosed with Congo virus and admitted to Sindh Employees Social Security Hospital, near Nipa Chowrangi. It is the 6th case of Congo virus in the country and the 2nd case from Sindh, he said. A doctor and cattle-handler from Bahawalpur and an Afghan national have died in different hospitals in Karachi within a month.",8/31/2016,Sindh,26.133329999999997,68.76666999999999,1.0,,,,Mirpur Khas
86,86,Crimean-Congo Hemorrhagic Fever,"Rawalpindi, Punjab, Pakistan",Pakistan,34,73,"A patient at Holy Family Hospital (HFH) [Rawalpindi, Punjab] tested positive for Congo fever on [Sat 30 Jul 2016]. The 62-year-old man was brought to the hospital 4 days ago from Choha Saiden Shah in Chakwal with a high fever. The hospital suspected it could be dengue fever and sent samples for testing to the National Institute of Health. The results showed that he was suffering from Crimean-Congo haemorrhagic fever (CCHF)",8/1/2016,Holy Family Hospital,33.64067,73.05751,1.0,,,,Rawalpindi
87,87,Crimean-Congo Hemorrhagic Fever,Pakistan,Pakistan,30,69,"A Congo Crimean haemorrhagic fever (CCHF) patient died on [Sat 30 Jul 2016] in a private hospital of the city. Dr S, a surgeon in Bahawalpur Victoria Hospital, was reportedly admitted in the hospital in July 2016 with 5-6 days history of symptoms of fever, sore throat and diarrhoea. He was shifted to Agha Khan University Hospital, Karachi and was diagnosed as CCHF positive on [28 Jul 2016].",8/2/2016,Bahawalpur Victoria Hospital,29.397790000000004,71.6752,,1.0,,,Bahawalpur
88,88,Crimean-Congo Hemorrhagic Fever,Pakistan,Pakistan,30,69,"A 13-year old boy from Khara died of Crimean-Congo hemorrhagic fever (CCHF) on 30 Jul 2016. He is the 3rd CCHF patient to die in 2 weeks. A surgeon at the Victoria Hospital in Bahawalpur, Dr S.A.S. and a student nurse at District Headquarters Hospital Lodhran, died on 17 Jul.",8/3/2016,,,,,1.0,,,
89,89,Crimean-Congo Hemorrhagic Fever,Pakistan,Pakistan,30,69,The patient was admitted in the hospital a few days ago in suspicion of Congo virus. He was in special ward for treatment while today doctors have confirmed his death. Health experts advised the citizens to take special preventive measures to protect from carrying Crimean-Congo hemorrhagic fever (CCHF),8/16/2016,,,,1.0,,,,
90,90,Crimean-Congo Hemorrhagic Fever,"Karachi, Sindh, Pakistan",Pakistan,25,67,One man was diagnosed with dengue plus Crimean-Congo virus [CCHFv] in Karachi. Cases of CCHF occurred in Sindh provinces this year (2015) and in various parts of Pakistan last year (2014) There is a significant risk of infection for those involved in slaughtering the animals and others in contact with the bodily fluids of those animals.,9/30/2015,Karachi,24.8608,67.0104,1.0,,,,Karachi
91,91,Crimean-Congo Hemorrhagic Fever,Pakistan,Pakistan,30,69,"A total of 20 people died because of Crimean-Congo Hemorrhagic fever (CCHF) in the country this year [2016] including 12 patients from Balochistan, 5 from Karachi while 5 suspected patients were registered in Hayatabad Medical Complex in Peshawar. The latest victim, a woman, who was brought from Afghanistan for medical treatment, died of the virus at Fatima Jinnah TB Sanatorium Hospital in Quetta.",8/23/2016,,,,,,,20.0,
92,92,Crimean-Congo Hemorrhagic Fever,Pakistan,Pakistan,30,69,"A 22-year-old man from Bahawalpur had brought sacrificial animals in the city to sell ahead of Eidul Azha [or Eid al-Adha, Festival of the Sacrifice] died at the Jinnah Postgraduate Medical Centre (JPMC) after being inflicted with the Congo fever. Health experts have warned that Congo viral disease might take epidemic proportions in coming weeks. They have asked authorities concerned to devise a strategy for screening and vaccination of animals. Wearing gloves and other protective clothing is recommended.",8/25/2016,Bahawalpur,29.397790000000004,71.6752,,1.0,,,Bahawalpur
93,93,Crimean-Congo Hemorrhagic Fever,"Balochistan, Pakistan",Pakistan,28,66,"Two more Congo virus cases were reported as 2 patients were found affected with Crimean-Congo hemorrhagic fever (CCHF) today. Congo virus has claimed 19 lives across the country including 5 in Karachi [Sindh province], 12 in Quetta [Balochistan province] and 2 in Bahawalpur [Punjab province] this year [2016]. Congo virus is a viral disease that commonly spreads by ticks found on hairy animals.",8/27/2016,,,,2.0,,,,
94,94,Crimean-Congo Hemorrhagic Fever,"Sindh, Pakistan",Pakistan,26,69,"The number of deaths caused due to the Congo [Crimean-Congo hemorrhagic fever] virus has increased to 5 in Sindh. The virus is carried by ticks that inhabit the skin of various animals. When these ticks bite humans or enter the bloodstream, the body gets infected by the Congo virus.",7/26/2019,Sindh,26.133329999999997,68.76666999999999,,5.0,,,Mirpur Khas
95,95,Crimean-Congo Hemorrhagic Fever,Pakistan,Pakistan,30,69,"A 49 year old man from Afghanistan succumbed to the deadly viral disease at the Aga Khan University Hospital (AKUH) on Sunday. The man had been brought from Kabul by road and admitted to the private hospital on 21 Aug [2016], his nephew said. The fatality occurred amid deaths of dozens of sacrificial animals in mysterious circumstances at the cattle market set up along Super Highway.",9/1/2016,Aga Khan University Hospital,34.14656954,73.2185815,1.0,1.0,,,Hazara
96,96,Crimean-Congo Hemorrhagic Fever,"Karachi, Sindh, Pakistan",Pakistan,25,67,A woman and a man died of Congo-Crimean haemorrhagic fever (CCHF) in the city [Karachi] last week. The city has recorded 6 CCHF cases this year [2015]. The previous 4 patients were successfully treated. Exposure to ticks during the 2nd largest Muslim festival of Eidul Azha in September 2015 is suspected to be the source of infection of these cases.,10/17/2015,Karachi,24.8608,67.0104,,2.0,,,Karachi
97,97,Crimean-Congo Hemorrhagic Fever,Pakistan,Pakistan,30,69,"A 12-year-old boy was diagnosed with Congo virus [Crimean-Congo hemorrhagic fever virus, CCHFv] today [3 Sep 2016], taking the total number affected in Balochistan to 27 with 10 dead so far. The total number of people who were admitted to different hospitals for scans for the fatal virus stands at 94, out of which 27 were found positive.",9/5/2016,Balochistan,28.47849,65.64355,,1.0,27.0,10.0,Kalat
98,98,Crimean-Congo Hemorrhagic Fever,"Rawalpindi, Punjab, Pakistan",Pakistan,34,73,"One of the 3 teaching hospitals in [Rawalpindi, Punjab province], Holy Family Hospital [HFH], registered as many as 4 suspects of Crimean-Congo hemorrhagic fever (CCHF) within last 10 days of which one female has been confirmed positive for the disease. The registration of 4 suspects and confirmation of a patient has strengthened doubts that the population in the region may face a possible spike of CCHF ahead of Eidul Azha.",9/23/2014,Rawalpindi,33.59733,73.0479,4.0,,50.0,,Rawalpindi
99,99,Crimean-Congo Hemorrhagic Fever,"Punjab Province, Pakistan",Pakistan,31,72,"The first Congo virus [Crimean-Congo hemorrhagic fever, CCHF] case has been reported in Faisalabad [Punjab] on [Sun 18 Sep 2016]. The 20-year-old patient RA was shifted in Civil hospital's private ward 3 days ago. According to doctors, the condition of the patient is critical as the number of his platelets has decreased to 5000. On the other hand, the death toll from Congo virus in Quetta [Balochistan] has reached 13 after 1 more patient died.",9/19/2016,Faisalabad,31.413,73.178,1.0,,,13.0,Faisalabad
100,100,Crimean-Congo Hemorrhagic Fever,"Punjab Province, Pakistan",Pakistan,31,72,A 35-year-old woman was admitted at Nishtar Medical Hospital on Saturday [17 Sep 2016] with symptoms of Congo fever. The total number of Crimean-Congo hemorrhagic fever (CCHF) cases from Pakistan as of 22 Sep 2016 (personal communication) is 72 and the distribution by province is 129 / 14 / 9.,9/22/2016,Nishtar Medical Hospital,30.20514846,71.44185126,1.0,,72.0,,Multan
101,101,Crimean-Congo Hemorrhagic Fever,"Punjab Province, Pakistan",Pakistan,31,72,"At least 6 people have died in Punjab of the Congo virus, raising the death toll to 24 in the country in 2016. Health officials told The Express Tribune at least 129 patients have been admitted to government-run hospitals of which 12 have tested positive for Crimean-Congo haemorrhagic fever (CCHF)",9/24/2016,State of Punjab,30.91667,75.41667,,6.0,129.0,24.0,
102,102,Crimean-Congo Hemorrhagic Fever,"Punjab Province, Pakistan",Pakistan,31,72,"Up to 3 patients have died in Peshawar due to Congo virus in this year. Health experts advised the citizens to take special preventive measures to protect from carrying Crimean Congo hemorrhagic fever (CCHF) Healthcare workers caring for patients with suspected or confirmed Congo virus, or handling specimens from them, should implement standard infection control precautions.",9/27/2016,Peshawar,34.008,71.57849,,3.0,,,Peshawar
103,103,Crimean-Congo Hemorrhagic Fever,Pakistan,Pakistan,30,69,"A 36-year-old woman, a resident of Hyderabad, died of Crimean-Congo hemorrhagic fever. The patient was brought to the hospital's Emergency Department in the night hours and was later moved to an isolation ward for treatment, where she died after an hour. This was the 3rd death reported in the institution.",10/6/2016,Hyderabad,17.38405,78.45636,1.0,1.0,,,
104,104,Crimean-Congo Hemorrhagic Fever,"Punjab Province, Pakistan",Pakistan,31,72,"A senior registrar of the Bahawal Victoria Hospital (BVH) was put on ventilator after Karachi's Aga Khan Hospital laboratory reports confirmed Congo virus. The virus has been confirmed almost a fortnight [2 weeks] after Dr S went down with 'high-grade fever' A house officer who works in the same ward under Dr S, also underwent tests in Karachi on Friday [29 Jul 2016] (the result is awaited)",7/30/2016,Karachi,24.8608,67.0104,1.0,,,,Karachi
105,105,Crimean-Congo Hemorrhagic Fever,"Sindh, Pakistan",Pakistan,26,69,"A veterinary doctor and resident of Gulistan-e-Jauhar, has been brought to the emergency department in serious condition and he has been confirmed with Congo Crimean viral infection. Congo fever is a highly lethal viral disease and it has claimed 9 lives so far in Karachi alone this year [2016] Overall, 71 patients have been diagnosed with Congo fever in the city this year.",11/1/2016,Guliston,40.48972,68.78416999999999,1.0,,,,
106,106,Crimean-Congo Hemorrhagic Fever,Pakistan,Pakistan,30,69,"19 suspected cases of Crimean-Congo hemorrhagic fever (CCHF), including 4 deaths, have been reported from Nishter Hospital Multan. 11 cases were negative, and 3 recovered from the disease. There is an urgent need to improve awareness among the health care community to diagnose cases.",12/4/2016,Nishter Hospital Multan,30.20514846,71.44185126,19.0,4.0,,,Multan
107,107,Crimean-Congo Hemorrhagic Fever,"Multan, Punjab, Pakistan",Pakistan,30,71,"A suspected case of CCHF admitted in Multan [Punjab province] notified on [15 Mar 2017] in south Punjab. A case response is in the process of execution right now, including contact tracing, quarantine, and use of PPE [personal protective equipment] as the patient is still admitted in ward 27, Nishter Hospital Multan. This case is the 1st laboratory confirmed case in Pakistan in 2017.",3/17/2017,Multan,30.196790000000004,71.47824,1.0,,,,Multan
108,108,Crimean-Congo Hemorrhagic Fever,"Islamabad Capital Territory, Pakistan",Pakistan,34,73,3 members of the same family -- all of them suspected of suffering from Crimean-Congo hemorrhagic fever (CCHF) -- are currently under observation at the Pakistan Institute of Medical Sciences. A relative of the suspected patients recently died of CCHF; family history warranted that the 3 be ruled out for the disease. The blood samples of the victims have been sent to the National Institute of Health for verification.,3/19/2017,Pakistan Institute of Medical Sciences,33.70373269,73.05158294,3.0,1.0,,,Islamabad
109,109,Crimean-Congo Hemorrhagic Fever,"Kohlu District, Balochist?n, Pakistan",Pakistan,30,69,A new case of Congo virus [Crimean-Congo hemorrhagic fever virus] has been confirmed in Kohlu area of Balochistan. The patient remains under treatment at the hospital and has been declared to be out of danger. At least 30 cases of the virus were detected in the province during 2016. The disease is essentially asymptomatic in animals and poses a threat to people from across the population.,4/24/2017,Balochistan,28.47849,65.64355,1.0,,,,Kalat
110,110,Crimean-Congo Hemorrhagic Fever,Pakistan,Pakistan,30,69,"As many as 15 staff members including doctors, nurses and paramedics at a private medical facility, Maroof International Hospital, have been under observation after handling a patient who died of Crimean-Congo hemorrhagic fever (CCHF) A 30-year-old male patient was brought to a healthcare facility in Peshawar from Afghanistan last week where he was initially treated for liver failure. The patient was given antiviral treatment and immunoglobulin, but his condition became critical, and he continued to bleed inside his lungs and was drowning in his own blood.",5/15/2015,Rawalpindi,33.59733,73.0479,1.0,1.0,,,Rawalpindi
111,111,Crimean-Congo Hemorrhagic Fever,"Khyber Pakhtunkhwa Province, Pakistan",Pakistan,35,72,"Four days after a suspected outbreak claimed 5 lives in Karak, authorities are still clueless as to what exactly the disease is. Some suspect it to be an outbreak of Acute Watery Diarrhea (AWD) while others believe that it is a strain of the Crimean-Congo hemorrhagic fever (CCHF)",6/7/2017,Al Karak,31.16667,35.75,,5.0,,,
112,112,Crimean-Congo Hemorrhagic Fever,"Islamabad City, Islamabad Capital Territory, Pakistan",Pakistan,34,73,"The patient, who comes from Sara-e-Naurang in Khyber-Pakhtunkhwa, is currently under treatment in the isolation ward of medical ward 2 at PIMS. The patient is involved in animal handling and slaughter, which is a high risk group for the disease. The disease of Congo is contracted from animals to humans though it can lead to death.",6/11/2017,Kotka Khali Khel,32.73856,70.75323,1.0,,,,Bannu
113,113,Crimean-Congo Hemorrhagic Fever,Pakistan,Pakistan,30,69,"Patient brought to the Pakistan Institute of Medical Sciences (PIMS) for treatment of hepatitis on [Sun 4 Jun 2017], has been confirmed by the National Institute of Health as suffering from Crimean Congo Hemorrhagic Fever (CCHF) The patient, who comes from Sara-e-Naurang in Khyber Pakhtunkhwa, is currently under treatment in the isolation ward of medical ward 2 at PIMS.",6/11/2017,Pakistan Institute of Medical Sciences,33.70373269,73.05158294,1.0,,,,Islamabad
114,114,Crimean-Congo Hemorrhagic Fever,"Balochistan, Pakistan",Pakistan,28,66,"One case has been laboratory confirmed for CCHF while the results are awaited for the 2nd case. Raising awareness on preventive measures and ensuring that precautionary measures are taken, particularly by the high-risk groups such as workers in the livestock industry and healthcare is needed. Precautions against tick bites, during contact with animals and infected people will help to reduce the risk of transmission.",7/6/2017,,,,1.0,,,,
115,115,Crimean-Congo Hemorrhagic Fever,"Punjab Province, Pakistan",Pakistan,31,72,"The patient belongs to Kalakahar, Chakwal in Punjab. She was admitted with high grade fever, body-aches and hemorrhagic manifestations. She had a few domestic animals at home. The case has a history of contact with domestic livestock and presented with the typical clinical features of CCHF.",7/24/2017,Chakwal,32.93286,72.85394000000001,1.0,,,,Rawalpindi
116,116,Crimean-Congo Hemorrhagic Fever,"Punjab Province, Pakistan",Pakistan,31,72,"The 1st Congo virus [CCHFv] case was reported at the Allied Hospital here. The CCHF virus is tick borne and can cause severe viral hemorrhagic fever outbreaks. The majority of cases have been reported in people involved in the livestock industry, such as agricultural workers, butchers, veterinarians.",8/6/2017,Allied Hospital,34.08273701,72.61320472,1.0,,,,Mardan
117,117,Crimean-Congo Hemorrhagic Fever,Pakistan,Pakistan,30,69,"A woman suspected of suffering from Crimean-Congo virus was admitted to the Holy Family Hospital (HFH) on Tuesday [30 Jun 2015]. The circumstances under which the patient acquired her CCHF virus infection are not stated. The virus can cause severe viral hemorrhagic fever outbreaks, with a case fatality rate of 10-40 per cent.",7/1/2015,Rawalpindi,33.59733,73.0479,1.0,,,,Rawalpindi
118,118,Crimean-Congo Hemorrhagic Fever,"Punjab Province, Pakistan",Pakistan,31,72,"Patient undergoing treatment at one of the 3 teaching hospitals in town, Holy Family Hospital, has been tested positive for Crimean-Congo Hemorrhagic Fever (CCHF) CCHF is caused by Nairovirus of the Bunyaviridae family transmitted to humans by the bite of Hyalomma tick found on the skin of animals including goat and sheep.",8/22/2017,Holy Family Hospital,33.64067,73.05751,1.0,,,,Rawalpindi
119,119,Crimean-Congo Hemorrhagic Fever,"Balochistan, Pakistan",Pakistan,28,66,"Two people including a woman died of Crimean-Congo haemorrhagic fever (CCHF), commonly known as Congo virus. Balochistan province has been endemic for CCHF for many years, and sporadic cases are reported every year, particularly between May and September/October.",8/30/2017,Balochistan,28.47849,65.64355,2.0,,,,Kalat
120,120,Crimean-Congo Hemorrhagic Fever,Pakistan,Pakistan,30,69,A suspected patient of Crimean-Congo hemorrhagic fever (CCHF) has been admitted in the Pakistan Institute of Medical Sciences (PIMS) [Islamabad] with symptoms of the disease. The blood samples of the patient from Kashmir were sent to the National Institute of Health (NIH) and he was moved to the isolation ward of the hospital. The incubation period following contact with infected blood or tissues is usually 5 to 6 days.,9/4/2017,Islamabad,33.72148,73.04329,1.0,,,,Islamabad
121,121,Crimean-Congo Hemorrhagic Fever,Pakistan,Pakistan,30,69,"A 27-year-old male patient from Afghanistan has been diagnosed with Crimean-Congo hemorrhagic fever. On Tuesday a woman suspected of suffering from Congo virus was admitted to the Holy Family Hospital (HFH), Rawalpindi. Cases of CCHF occurred in Sindh province, Pakistan, this year (2015) and in various parts of Pakistan last year (2014)",7/5/2015,Rawalpindi,33.59733,73.0479,1.0,,,,Rawalpindi
122,122,Crimean-Congo Hemorrhagic Fever,Pakistan,Pakistan,30,69,"The deadly Crimean Congo haemorrhagic fever, a tick-borne viral disease, has claimed another life in Karachi. This was confirmed by Jinnah Postgraduate Medical Centre (JPMC)'s Dr Seemin Jamali on Friday [19 Aug 2016]. The victim, 22, son of EB, was a cattle handler and had arrived from Bahawalpur to sell cattle for Eidul Azha 25 days ago.",8/21/2016,Karachi,24.8608,67.0104,,1.0,,,Karachi
123,123,Crimean-Congo Hemorrhagic Fever,Pakistan,Pakistan,30,69,"CCHF surveillance is ongoing in Balochistan and a fellow of FELTP [Field Epidemiology and Laboratory Training. Program] is assigned by DGHS for updates. During the last week one suspected case was reported. The case was a 58-year-old woman from district Qilla Abdullah, with history of high-grade fever, body aches, bleeding from nose and mouth.",10/9/2017,Balochistan,28.47849,65.64355,1.0,,,,Kalat
124,124,Crimean-Congo Hemorrhagic Fever,Pakistan,Pakistan,30,69,"A 15-year-old boy was admitted to Jinnah Postgraduate Medical Centre (JPMC) in Karachi [Sindh province] over Congo fever fears. So far 6 people have died from Congo fever in the port city. The Bahawal Victoria Hospital (BVH) [Bahawalpur, Punjab province] officials claim that 10 people including 3 professors have been tested negative for Congo virus.",9/3/2016,Karachi,24.8608,67.0104,1.0,,,,Karachi
125,125,Crimean-Congo Hemorrhagic Fever,"Karachi, Sindh, Pakistan",Pakistan,25,67,"Crimean-Congo haemorrhagic fever (CCHF) claimed this year's [2016] 10th life in Karachi [Sindh] on [Sun 16 Oct 2016] as a male patient passed away at the Dow University of Health Sciences' (DUHS) Ojha campus hospital. The patient's condition was said to have deteriorated on Sunday morning [16 Oct 2016], and despite being admitted at the special care unit [he] could not be saved. The total number of people to have died of the lethal disease rose to 10 this year [2016], after Eid-ul-Azha [Festival of the Sacrifice]",10/17/2016,Karachi,24.8608,67.0104,,1.0,,,Karachi
126,126,Crimean-Congo Hemorrhagic Fever,"Islamabad Capital Territory, Pakistan",Pakistan,34,73,"A man has tested positive for the Crimean Congo Hemorrhagic Fever (CCHF) at Pims. CCHF is a tick-borne viral disease with symptoms such as high fever, muscle pain, dizziness, abnormal sensitivity to light, abdominal pain and vomiting. The provincial health department has issued a fresh alert over the possibility of the Congo fever spreading during Eid.",8/9/2018,Sultanate of Oman,21.0,57.0,1.0,,,,
127,127,Crimean-Congo Hemorrhagic Fever,"Multan, Punjab, Pakistan",Pakistan,30,71,"2 suspected Congo [Crimean-Congo hemorrhagic fever] patients have died at Nishtar Hospital in Multan, Punjab. Tests of the patients were sent to National Institute of Health, Islamabad for confirmation. Pakistan provides an excellent habitat for ticks due to optimal weather conditions including mild winters and warm autumns.",4/24/2018,Multan,30.196790000000004,71.47824,,2.0,,,Multan
128,128,Crimean-Congo Hemorrhagic Fever,"Punjab Province, Pakistan",Pakistan,31,72,"Another suspected Congo patient was admitted at Nishtar Hospital, said an official here. The suspected patient had returned from Muscat on [Tue 24 Apr 2018], the source informed, adding that though the expatriate was a driver by profession he had the history of handling cattle in Muscat. Meanwhile, [ZS] (40) w/o Bismillah Khan, resident of Wana KPK, and another suspected patient [AQ] (50) s/o Musa khan who belonged to DG Khan died on [Mon 23 Apr 2018] night and were tested negative for Congo today.",4/27/2018,Nishtar Hospital,30.20514846,71.44185126,1.0,,,,Multan
129,129,Crimean-Congo Hemorrhagic Fever,"Sindh, Pakistan",Pakistan,26,69,"A 30-year-old man who died of the deadly Crimean-Congo hemorrhagic fever at a private hospital a day ago became the 1st citizen of Karachi to have been killed by the virus this year. The total number of Congo fever deaths reported in the city so far this year [2017] has reached 5. Since April 2017, a total of 4 people, all from Quetta, have died at different private hospitals in Karachi.",9/23/2017,Karachi,24.8608,67.0104,1.0,1.0,,6.0,Karachi
130,130,Crimean-Congo Hemorrhagic Fever,"Multan, Punjab, Pakistan",Pakistan,30,71,"Crimean-Congo hemorrhagic fever, commonly referred to as Congo fever has claimed another life in Multan district of Punjab. Congo fever is a tick-borne viral disease which is mainly transferred to humans from pets. Its symptoms include fever, flu, bloody urine, vomiting, and nose bleeding.",5/8/2018,Multan,30.196790000000004,71.47824,,1.0,,,Multan
131,131,Crimean-Congo Hemorrhagic Fever,"Murree, Punjab, Pakistan",Pakistan,34,73,"A patient suffering from Crimean-Congo hemorrhagic fever (CCHF) for the last 3 months has died in Rawalpindi, Punjab. The source of the infection is not mentioned in the news report above. The total number of causalities due to Congo virus has reached 3.",10/22/2015,Rawalpindi,33.59733,73.0479,,1.0,,,Rawalpindi
132,132,Crimean-Congo Hemorrhagic Fever,Pakistan,Pakistan,30,69,A 21-year-old man in Karachi has contracted Crimean-Congo haemorrhagic fever (CCHF) and been admitted to the isolation ward of the Jinnah Postgraduate Medical Centre (JPMC) in critical condition. CCHF is a lethal disease caused by a virus found in a tick that attaches itself to the bodies of livestock and cattle.,10/22/2017,Karachi,24.8608,67.0104,1.0,,,,Karachi
133,133,Crimean-Congo Hemorrhagic Fever,"Karachi, Sindh, Pakistan",Pakistan,25,67,"Crimean-Congo hemorrhagic fever (CCHF) claimed the 1st life of the year [2018] in Karachi. A 36-year-old resident of Lyari died at Liaquat National Hospital due to complications of the lethal tick-borne disease. His brother said his brother, who was married with 4 small children, used to visit a cattle pen in the area.",5/6/2018,Karachi,24.8608,67.0104,,1.0,,,Karachi
134,134,Crimean-Congo Hemorrhagic Fever,"Sindh, Pakistan",Pakistan,26,69,"The patient, M.A., is a resident of Korangi Industrial Area and works at a tannery where labourers deal with hides of cattle, and sometimes they contract the viral disease. The CCHF is caused by the Congo virus, which is found on a tick that attaches itself to the skin of cattle. The disease is highly contagious and has a 40-50 per cent mortality rate.",6/13/2018,Korangi Industrial Area,24.83601,67.11603000000001,1.0,,,,Karachi
135,135,Crimean-Congo Hemorrhagic Fever,"Quetta, Balochist?n, Pakistan",Pakistan,30,67,"An 18 year old patient was admitted to Jinnah Postgraduate Medical Centre (JPMC) in Karachi. The patient tested positive for Congo virus, commonly known as Congo virus. CCHF is a viral disease typically spread by tick bites or contact with livestock carrying the disease. There is currently no vaccine available for humans.",6/9/2018,Karachi,24.8608,67.0104,1.0,,,,Karachi
136,136,Crimean-Congo Hemorrhagic Fever,"Khyber Pakhtunkhwa Province, Pakistan",Pakistan,35,72,"A man died of Crimean-Congo hemorrhagic fever (CCHF), commonly known as Congo virus, at Jinnah Postgraduate Medical Centre (JPMC) on [Sun 30 Sep 2018], raising the death toll due to the disease to 11 in Karachi in the ongoing year. A teenage boy from Dhaki Sahib Gul Mohallah of Charsadda district died of Congo virus [infection] in a hospital in Peshawar.",10/2/2018,Sultanate of Oman,21.0,57.0,,2.0,,,
137,137,Crimean-Congo Hemorrhagic Fever,"Punjab Province, Pakistan",Pakistan,31,72,"The Department of Infectious Diseases [DID] at Holy Family Hospital [HFH] in town [Rawalpindi, Punjab] received a total of 17 suspected patients of Crimean-Congo hemorrhagic fever (CCHF) so far in the year 2018. Of these, only 3 were tested positive for CCHF; however experts still believe that people must follow preventive measures while dealing with sacrificial animals ahead of Eidul Azha.",8/21/2018,Holy Family Hospital,33.64067,73.05751,,,17.0,,Rawalpindi
138,138,Crimean-Congo Hemorrhagic Fever,"Sindh, Pakistan",Pakistan,26,69,"A 23-year-old man with Crimean-Congo hemorrhagic fever (CCHF) was admitted to one of its isolation wards. CCHF is a tick-borne, potentially lethal viral disease with 30-40 per cent mortality rate. The patient's condition was critical due to extremely low platelets and total leucocytes counts.",8/22/2018,,,,1.0,,,,
139,139,Crimean-Congo Hemorrhagic Fever,"Sindh, Pakistan",Pakistan,26,69,"A teenager tested positive for the dreaded Congo Crimean Hemorrhagic Fever (CCHF) in Karachi and admitted to an isolation ward at Jinnah Postgraduate Medical Centre. The patient, M.A., is a resident of Korangi Industrial Area and works at a tannery where labourers deal with hides of cattle, and sometimes they contract the viral disease. The CCHF is caused by the Congo virus, which is found on a tick that attaches itself to the skin of cattle. It is highly contagious disease and has a 40-50 per cent mortality rate.",6/12/2018,Karachi,24.8608,67.0104,1.0,,,,Karachi
140,140,Crimean-Congo Hemorrhagic Fever,Pakistan,Pakistan,30,69,2 CCHF positive cases are admitted at Holy Family Hospital in Rawalpindi. Both cases are from District Chakwal and are brother and sister. They have cattle at home and are farmers by profession. Both are stable and are recovering. Almost 35 close contacts are under observation.,12/8/2015,Rawalpindi,33.59733,73.0479,2.0,,,,Rawalpindi
141,141,Crimean-Congo Hemorrhagic Fever,"Khyber Pakhtunkhwa Province, Pakistan",Pakistan,35,72,"The contagious Congo virus claimed the life of another young man on [Sun 2 Sep 2018], K.H., from Piro Khel village of Landi Kotal division, Khyber Pakthunkhwa (KP) The death was the 2nd case of Congo virus in the region after the 1st case of S.S., a 20-years old young man, who died of virus in Islamabad hospital on [Sat 1 Sep 2018].",9/4/2018,,,,1.0,1.0,,,
142,142,Crimean-Congo Hemorrhagic Fever,"Khyber Pakhtunkhwa Province, Pakistan",Pakistan,35,72,"Emergency was declared in Khyber area after two persons died in Landi Kotal due to Congo fever [Crimean-Congo hemorrhagic fever; CCHF], doctors said. Family sources said that S.K., a resident of Peerokhel locality, had slaughtered a number of sacrificial animals on Eidul Azha day.",9/6/2018,Khyber Agency,33.96113,71.0577,,2.0,,,F.A.T.A.
143,143,Crimean-Congo Hemorrhagic Fever,"Sindh, Pakistan",Pakistan,26,69,"Karachi (Sindh) registered its second case of ""Congo virus"" induced mortality in the current year [2018] with a 19 year old being the latest victim along with a patient who died last month [May 2018] due to Congo Hemorrhagic Fever. The patient was under treatment at Jinnah Postgraduate Medical Center (JPMC) and died on Wed 13 Jun 2018 bringing the total number of deaths to 2 from Sindh during 2018 among 4 cases reported so far.",6/17/2018,Karachi,24.8608,67.0104,4.0,1.0,,,Karachi
144,144,Crimean-Congo Hemorrhagic Fever,"Karachi, Sindh, Pakistan",Pakistan,25,67,"A 65-year-old man from Balochistan has been admitted to the Jinnah Postgraduate Medical Centre (JPMC) in Karachi, Sindh. The patient's condition is critical due to haemorrhage and low count of platelets. So far this year, 7 people have died from Crimean-Congo haem orrhagic fever in Karachi.",9/2/2018,Karachi,24.8608,67.0104,1.0,,,7.0,Karachi
145,145,Crimean-Congo Hemorrhagic Fever,Pakistan,Pakistan,30,69,"A teenage boy from Dhaki Sahib Gul Mohallah of Charsadda district died of Congo virus [infection] in a hospital in Peshawar on [Fri 28 Sep 2018]. A.S., uncle of deceased A., 17, told media people that his nephew, a grade 10th student, fell ill and was admitted to Tangi hospital.",10/1/2018,Charsadda,34.14822,71.7406,1.0,1.0,,,Peshawar
146,146,Crimean-Congo Hemorrhagic Fever,"Zhob District, Balochist?n, Pakistan",Pakistan,31,69,The death toll from Crimean-Congo hemorrhagic fever (CCHF) reached 4 in a week in Zhob district of Balochistan province. The virus is primarily transmitted to people from ticks and livestock animals. In total of 77 suspected cases of CCHF were reported from Pakistan between 1 and 29 Sept. 2013.,8/18/2014,Zhob District,31.364440000000002,69.20749,77.0,4.0,,,Zhob
147,147,Crimean-Congo Hemorrhagic Fever,"Sindh, Pakistan",Pakistan,26,69,"A 25-year-old man died at Jinnah hospital in Karachi. The man was a resident of Mehmoodabad [Mahmudabad, Malir district] and was brought to the hospital 2 days ago. So far, 10 CCHF patients have died in the city -- 3 at JPMC, 7 at private health facilities.",9/12/2018,Karachi,24.8608,67.0104,1.0,1.0,,,Karachi
148,148,Crimean-Congo Hemorrhagic Fever,"Khyber Pakhtunkhwa, Pakistan",Pakistan,34,73,Congo virus has been detected in Booni Chitral district after a butcher of Afghan nationality has been tested positive. Two butcher shops in the area have been sealed and the butchers and family members asked to undergo testing for the virus. Residents of the area immediately expressed their fear and demanded from the government to send special medical teams to the area.,12/10/2018,Booni Chitral,36.27506494,72.25642574,1.0,,,,Malakand
149,149,Crimean-Congo Hemorrhagic Fever,"Orangi Town, Sindh, Pakistan",Pakistan,25,67,"The city's 1st case in 2019 of Crimean-Congo haemorrhagic fever (CCHF), commonly known as Congo virus, was reported. The patient was identified as 35-year-old [TF], resident of Orangi Town. She is currently under treatment at an isolated ward of the Jinnah Postgraduate Medical Centre.",2/12/2019,Orangi Town,24.95190253,67.00256581,1.0,,,,Karachi
150,150,Crimean-Congo Hemorrhagic Fever,"Malir, Sindh, Pakistan",Pakistan,28,69,"Another case of Crimean-Congo haemorrhagic fever (CCHF), commonly known as Congo virus, has been reported in Karachi. CCHF is a lethal disease with 40 per cent mortality rate. The disease is caused when a person comes in contact with an infected animal, which has parasitic ticks on its body.",10/24/2018,Karachi,24.8608,67.0104,1.0,,,,Karachi
151,151,Crimean-Congo Hemorrhagic Fever,Pakistan,Pakistan,30,69,"A 75-year-old man died of Congo virus complications at Jinnah Postgraduate Medical Centre (JPMC) on early [Sun 17 Feb 2019] morning, becoming the 2nd victim of the deadly tick-borne disease in the city [Karachi] in 2019. A 35-year old woman from Orangi Town had died of the disease earlier in the week. The disease is caused when a person comes in contact with an animal infected with the Congo virus.",2/19/2019,Karachi,24.8608,67.0104,1.0,1.0,,2.0,Karachi
152,152,Crimean-Congo Hemorrhagic Fever,"Karachi, Sindh, Pakistan",Pakistan,25,67,"Crimean-Congo hemorrhagic fever claimed 3 lives in Karachi in June [2019], citing local health department officials. Doctors have expressed apprehensions of an outbreak of Congo virus in the city with the arrival of sacrifice animals to Karachi for sale ahead of the Eid ul-Azha [11-12 Aug 2019]. Director, health and medical services department of the Karachi Metropolitan Corporation (KMC), has issued a health alert.",7/4/2019,Karachi,24.8608,67.0104,,,,3.0,Karachi
153,153,Crimean-Congo Hemorrhagic Fever,"Khyber Pakhtunkhwa Province, Pakistan",Pakistan,35,72,At least 2 people have been admitted in the Hayatabad Medical Complex with symptoms similar to that of the Crimean-Congo hemorrhagic fever (CCHF) A hospital spokesperson told The Express Tribune that 2 young men had been brought to the facility with complaints of high fever. Their blood samples have been sent to the National Institute of Health to test and confirm any antigens in the blood.,7/9/2019,Hayatabad Medical Complex,33.99244,71.45033000000001,2.0,,,,Peshawar
154,154,Crimean-Congo Hemorrhagic Fever,Pakistan,Pakistan,30,69,"2 farmers in the Zhob district of Balochistan have died after suffering from Crimean-Congo haemorrhagic fever (CCHF), also known as Congo virus. At least 4 people, including a woman, were infected with the virus in the small village of Killi Blump near Meena Bazaar. The virus is primarily transmitted to people from ticks and livestock animals. Human-to-human transmission can also occur.",8/18/2014,Zhob District,31.364440000000002,69.20749,4.0,2.0,,,Zhob
155,155,Crimean-Congo Hemorrhagic Fever,"Attock District, Punjab, Pakistan",Pakistan,33,72,"A 20-year-old man died of Congo fever [Crimean-Congo hemorrhagic fever] in Holy Family Hospital [Rawalpindi] on [Thu 8 Sep 2016], Geo News reported. Health experts are advising citizens to take special preventive measures to avoid contracting the virus ahead of Eid ul-Azha. The 2nd of 2 Muslim holidays celebrated worldwide each year; this year in Pakistan, 12-14 Sep 2016.",9/9/2016,Rawalpindi,33.59733,73.0479,,1.0,,,Rawalpindi
156,156,Crimean-Congo Hemorrhagic Fever,"Sindh, Pakistan",Pakistan,26,69,"A man died of Crimean-Congo hemorrhagic fever (CCHF), commonly known as Congo virus, at a private hospital of the metropolis on Sunday [28 Jul 2019], raising the death toll due to the disease to 5 in Karachi in the ongoing year. The circumstances under which this latest case acquired his infection are not mentioned.",7/29/2019,Karachi,24.8608,67.0104,1.0,1.0,,,Karachi
157,157,Crimean-Congo Hemorrhagic Fever,"Karachi, Sindh, Pakistan",Pakistan,25,67,Another Congo-related death was reported in Karachi as a 27-year-old patient passed away due to the fever on [Sun 28 Jul 2019]. This brings the death toll of the disease to 6 this year [2019]. Dr Falak Qadir explained how Congo virus spreads and shared tips on protecting oneself from Congo fever on SAMAA TV.,8/1/2019,Karachi,24.8608,67.0104,,1.0,,6.0,Karachi
158,158,Crimean-Congo Hemorrhagic Fever,"Sindh, Pakistan",Pakistan,26,69,"A 70-year-old man from District Naushehro Feroz died due to Congo Crimean hemorrhagic fever (CCHF) at a private hospital in Karachi a couple of days back. Officials said another person, aged 25 and identified as [SA], a resident of North Nazimabad, was battling for life at the Aga Khan University Hospital, Karachi. CCHF is a lethal viral infection that is transmitted to humans from animals, especially cattle and livestock. Mortality is around 40 percent.",8/19/2019,Karachi,24.8608,67.0104,1.0,1.0,,,Karachi
159,159,Crimean-Congo Hemorrhagic Fever,"Karachi, Sindh, Pakistan",Pakistan,25,67,"A teenage boy succumbed to Crimean-Congo hemorrhagic fever (CCHF) in the metropolis on Fri 9 Aug 2019. The teenager, who was admitted 4 days ago in the Jinnah Hospital, was identified as a resident of Orangi Town. He becomes the 8th [or 9th] victim of CCHF during the ongoing year [2019].",8/11/2019,Orangi Town,24.95190253,67.00256581,,1.0,,8.0,Karachi
160,160,Crimean-Congo Hemorrhagic Fever,Pakistan,Pakistan,30,69,"Two more Crimean-Congo haemorrhagic fever (CCHF) cases surfaced in the city [Karachi] on Thursday, taking the reported toll of cases to 27 in the provincial metropolis during the current year (2019) In 2018, at least 16 deaths had been reported in Karachi from the life-threatening virus, whereas 41 patients -- majorly from Quetta, Balochistan -- were diagnosed.",8/26/2019,Karachi,24.8608,67.0104,2.0,,27.0,,Karachi
161,161,Crimean-Congo Hemorrhagic Fever,Pakistan,Pakistan,30,69,"17-year-old boy diagnosed with Congo virus after being admitted at a hospital in Nazimabad area. Congo virus alert had been issued for the metropolis, stipulating precautionary instructions for all those people who visit cattle farms. The disease is caused when a tick attaches itself to the skin of cattle, and when that infected tick or animal comes in contact with people, the highly contagious virus is transmitted.",8/21/2019,Nazimabad,24.91390566,67.03012193,1.0,,,,Karachi
162,162,Crimean-Congo Hemorrhagic Fever,Pakistan,Pakistan,30,69,"Karachi seems to be in the grip of deadly diseases, as Sindh Health Department officials said on Mon 26 Aug 2019 that 3 more people had fallen victim to the tick-borne Crimean-Congo haemorrhagic fever. Pakistan Field Epidemiology & Laboratory Training Program (FELTP) officials told The News that August (2019) had proved to be the deadliest month with respect to deaths due to CCHF in Karachi.",8/30/2019,Karachi,24.8608,67.0104,,3.0,,,Karachi
163,163,Crimean-Congo Hemorrhagic Fever,"Sindh, Pakistan",Pakistan,26,69,"A Crimean-Congo Haemorrhagic Fever (CCHF) patient died in a private hospital of Karachi. The death toll from the tick-born viral disease has climbed to 17 in the megacity this year. CCHF is a fatal viral disease that spreads through a tick bite. The symptoms include backache, joints pain, fever and bleeding from any part of the body.",9/15/2019,Karachi,24.8608,67.0104,1.0,1.0,,17.0,Karachi
164,164,Crimean-Congo Hemorrhagic Fever,"Punjab Province, Pakistan",Pakistan,31,72,Patient tested positive for Crimean-Congo hemorrhagic fever (CCHF) in Rawalpindi. CCHF is a widespread disease caused by a tickborne virus (Nairovirus) of the Bunyaviridae family with a case fatality rate of 10 to 40 per cent.,8/21/2017,Rawalpindi,33.59733,73.0479,1.0,,,,Rawalpindi
165,165,Crimean-Congo Hemorrhagic Fever,"Sindh, Pakistan",Pakistan,26,69,"A Crimean-Congo haemorrhagic fever (CCHF) patient died in a private Karachi hospital, and the death toll from the tick-borne viral disease climbed to 17 in the megacity this year. 36 CCHF-positive cases have been reported from Sindh province, out of which 17 patients have died due to the viral illness. The symptoms of Congo virus include backache, joint pain, pain in the abdomen, high-grade fever and bleeding from any part of the body.",9/18/2019,Karachi,24.8608,67.0104,,1.0,,,Karachi
166,166,Crimean-Congo Hemorrhagic Fever,"Punjab Province, Pakistan",Pakistan,31,72,"A young woman suffering from Crimean-Congo hemorrhagic fever [CCHF], commonly referred to as Congo fever, died in Rawalpindi on Friday [27 Sep 2019], Dunya News reported. CCHF is a tick-borne viral disease which is mainly transferred to humans from pets. Its symptoms include fever, flu, bloody urine, vomiting and nose bleeding.",9/29/2019,Rawalpindi,33.59733,73.0479,,1.0,,,Rawalpindi
167,167,Crimean-Congo Hemorrhagic Fever,"Sindh, Pakistan",Pakistan,26,69,"A man was diagnosed with the disease after being admitted at Jinnah hospital Karachi on [Fri 20 Sep 2019]. The tick-borne viral disease has infected 37 people this year [2019] so far; out of which 17 died. The alert was issued by Karachi Metropolitan Corporation (KMC) to hospitals, directing the management to adopt special precautions for a CCHF affected patient.",9/24/2019,Karachi,24.8608,67.0104,1.0,,37.0,17.0,Karachi
168,168,Crimean-Congo Hemorrhagic Fever,"Karachi, Sindh, Pakistan",Pakistan,25,67,"The deadly Congo [Crimean-Congo hemorrhagic] virus has 'attacked' Karachi, the largest city of Pakistan, killing at least 20 people so far this year [2019] The latest to die because of the Congo virus on [Mon 11 Nov 2019] was a man who had been admitted to a hospital. The majority of cases have occurred in people involved in the livestock industry.",11/13/2019,Karachi,24.8608,67.0104,1.0,,,20.0,Karachi
169,169,Crimean-Congo Hemorrhagic Fever,Pakistan,Pakistan,30,69,"10 people, including an ambulance crew, were hospitalized in Southern Kazakhstan Oblast on suspicions of carrying a deadly virus. Crimean-Congo hemorrhagic fever (CCHF) was the probable cause. CCHF has a high fatality ratio of 10 to 40 per cent and is difficult for treatment and prevention.",7/12/2014,Republic of Kazakhstan,48.0,68.0,10.0,,,,
170,170,Crimean-Congo Hemorrhagic Fever,"Khyber Pakhtunkhwa Province, Pakistan",Pakistan,35,72,A factory worker in Khyber-Pakhtunkhwa died of high grade-fever with the family blaming death on Crimean-Congo haemorrhagic fever. The family claimed that the PIMS doctors suspected its member suffered from Congo fever. Another villager also tested positive for CCHF.,10/6/2019,Khyber Pakhtunkhwa Province,33.983059999999995,71.68611,1.0,1.0,,,Peshawar
171,171,Crimean-Congo Hemorrhagic Fever,"Sindh, Pakistan",Pakistan,26,69,"A man died of Congo fever [CCHF] on Thursday [17 Oct 2019] night, taking the death toll from the disease in the country to 19. The deceased has been identified as 50-year-old YH, a farmer from Mirpurkhas. He died during treatment at the Liaquat Medical Hospital in Hyderabad. The directorate general of health services has recommended that Congo virus surveillance be improved immediately.",10/20/2019,Hyderabad,17.38405,78.45636,,1.0,,19.0,
172,172,Crimean-Congo Hemorrhagic Fever,"Karak, Khyber Pakhtunkhwa, Pakistan",Pakistan,33,71,"A young man has fallen prey to Congo virus [Crimean-Congo hemorrhagic fever, CCHF], raising the death toll from the disease to 7 in the Karak district. The latest victim, [a man from] Sarki Lawagher area, died in the Lady Reading Hospital in Peshawar after suffering from the virus for more than a week, according to relatives.",11/2/2017,Karak,31.18763503,35.68754327,,1.0,,7.0,
173,173,Crimean-Congo Hemorrhagic Fever,Afghanistan,Afghanistan,34,66,"An outbreak of acute haemorrhagic fever syndrome has been reported from anisolated village in Gulran district, Afghanistan. Disease symptoms arecompatible with Crimean-Congo haemOrrhagic Fever (CCHF) Twenty-five suspect cases including 15 deaths were identified by the team.",6/24/2000,Gulran,35.1055,61.68733,25.0,15.0,,,Gulran
174,174,Crimean-Congo Hemorrhagic Fever,Afghanistan,Afghanistan,34,66,"Only 35 cases of the virus have been reported in the Pakistani-Afghan frontier region and only 4 people are currently being treated. ""Nothing suggests it will get worse,"" said Ian Simpson of the WHO. The WHO also dismissed rumors that the disease was being spread as biological warfare.",10/10/2001,,,,35.0,,,,
175,175,Crimean-Congo Hemorrhagic Fever,Afghanistan,Afghanistan,34,66,"Four butchers died after being infected with Crimean-Congo hemorrhagic fever virus [CCHF] virus in September 2013. People in areas of Punjab, K-P and Balochistan have been exposed to the deadly virus. People think that because of its name, CCHF virus cannot be found in Pakistan, which is an ignorant assumption.",10/7/2013,,,,,4.0,,,
176,176,Crimean-Congo Hemorrhagic Fever,Afghanistan,Afghanistan,34,66,"Crimean Congo hemorrhagic fever (CCHF) is endemic in the region of northwestern Pakistan/Afghanistan and neighboring Iran. Only the 2nd case was laboratory confirmed, but the bleeding symptoms of the others strongly suggested CCHF. The 3 patients are in addition to the 3 reported in previous posts (see ProMED-mail archives below)",5/28/2014,,,,3.0,0.0,,,
177,177,Crimean-Congo Hemorrhagic Fever,Afghanistan,Afghanistan,34,66,"A man, a man, 38 years old, with co-morbidity (viral hepatitis C) from Jalalabad [Nangarhar province], Afghanistan, with a short history [4 days only] of high grade fever and bleeding from the mouth and nose, landed at Northwest General private hospital Peshawar [Khyber-Pakhtunkhwa province, Pakistan] on 5 May 2015. He was treated as a chronic liver disease patient and a splenectomy was planned to correct the thrombocytopenia. However, this patient was transferred to Maroof International Hospital Islamabad [Pakistan] on 7 May [2015] on the request of relatives, but against",5/15/2015,Jalalabad,34.145657299999996,69.5263521,1.0,,,,Azra
178,178,Crimean-Congo Hemorrhagic Fever,Pakistan,Pakistan,34,66,"The number of patients from Afghanistan arriving in the city for medical treatment has increased over the last 2 months. At least 9 suspected virus-carriers have been brought to the provincial capital [Peshawar] for treatment during last two months. The Crimean-Congo haemorrhagic fever [CCHF], commonly known as Congo virus, is endemic in Afghanistan and Pakistan.",6/25/2015,Peshawar,33.97721370000001,71.4253853,9.0,,,,Peshawar
179,179,Crimean-Congo Hemorrhagic Fever,Pakistan,Pakistan,34,66,A patient died at the Hayatabad Medical Complex here on Saturday [1 Aug 2015] from Crimean-Congo hemorrhagic fever virus [CCHFV]. There are 3 patients being treated at the hospital from the virus [infection]. The patient who died is from Afghanistan. It is not clear whether the other 2 patients are also from there or are from Pakistan.,8/3/2015,Peshawar,33.97721370000001,71.4253853,3.0,1.0,,,Peshawar
180,180,Crimean-Congo Hemorrhagic Fever,Pakistan,Pakistan,34,66,"A 49 year old man from Afghanistan succumbed to the deadly viral disease at the Aga Khan University Hospital (AKUH) on Sunday. The man had been brought from Kabul by road and admitted to the private hospital on 21 Aug [2016], his nephew said. The fatality occurred amid deaths of dozens of sacrificial animals in mysterious circumstances at the cattle market set up along Super Highway.",9/1/2016,Peshawar,33.97721370000001,71.4253853,1.0,1.0,,,Peshawar
181,181,Crimean-Congo Hemorrhagic Fever,Afghanistan,Afghanistan,34,66,"At least 12 people have died from Congo fever [Crimean-Congo hemorrhagic fever, CCHF] in Afghanistan in the past year. 71 cases of the disease have been reported across the country in that time. Congo fever is primarily transmitted to people from ticks or through contact with infected animal blood or tissues during and immediately after slaughter.",9/13/2016,,,,,,71.0,12.0,
182,182,Crimean-Congo Hemorrhagic Fever,"Herat Province, Afghanistan",Afghanistan,35,62,"Congo hemorrhagic fever (CCHF) has killed 13 people in western Herat province this year. Symptoms may include fever, muscle pains, headache, vomiting, diarrhea, and bleeding into the skin. The CCHF virus is typically spread by tick bites or contact with livestock carrying the disease.",9/4/2017,Herat,34.347,62.181999999999995,,,,13.0,Herat
183,183,Crimean-Congo Hemorrhagic Fever,Afghanistan,Afghanistan,34,66,"Six new cases of Crimean-Congo haemorrhagic fever (CCHF) were reported in the west region, bringing the total numbers of CCHF cases to 79 in 2017. 17 people lost their lives. The virus has been observed in over 30 countries, including in Africa, Asia, the Middle East, and southeastern Europe.",11/22/2017,,,,6.0,,79.0,17.0,
184,184,Crimean-Congo Hemorrhagic Fever,Afghanistan,Afghanistan,34,66,"The Ministry of Public Health in Afghanistan recently reported an increase in the number of Crimean-Congo haemorrhagic fever (CCHF) cases in the country. In 2017, the total number of cases reported is 237 including 41 deaths (CFR: 17.2 percent). The male to female ratio of cases in 27 out of 34 provinces is 2:1. The high risk groups for contracting CCHF include animal herders, livestock workers, butchers and slaughterhouse workers.",12/23/2017,,,,,,237.0,41.0,
185,185,Crimean-Congo Hemorrhagic Fever,"Herat Province, Afghanistan",Afghanistan,35,62,"In the past 2 months, a total of 36 patients with Crimean Congo haemorrhagic fever have been admitted to Herat Regional Hospital, 4 of whom have died. Distress sales of livestock due to the ongoing drought are suspected to be partly responsible for the higher number of CCHF cases. WHO will hold case management trainings for 160 health workers.",6/22/2018,Herat,34.347,62.181999999999995,36.0,4.0,,,Herat
186,186,Crimean-Congo Hemorrhagic Fever,Afghanistan,Afghanistan,34,66,"A total of 41 Congo fever cases were recorded in Herat since [21 Mar 2018]. Crimean-Congo hemorrhagic fever (CCHF) is caused by infection with a tick-borne virus (Nairovirus) in the family _Bunyaviridae. The onset of CCHF is sudden, with initial signs and symptoms including headache, high fever, back pain, stomach pain, and vomiting.",6/28/2018,Herat,34.347,62.181999999999995,,,41.0,,Herat
187,187,Crimean-Congo Hemorrhagic Fever,Afghanistan,Afghanistan,34,66,"At least 18 cases of Crimean-Congo haemorrhagic fever (CCHF) infection have recently been detected in Afghanistan. This year's total cases of CCHF are 267 compared to 244 cases last year. 33 percent of those infected with the Congo virus this year [2018] were women and the rest men including butchers, shepherds, cooks, and others.",8/27/2018,,,,18.0,,267.0,,
188,188,Crimean-Congo Hemorrhagic Fever,Afghanistan,Afghanistan,34,66,"Afghanistan's Ministry of Public Health (MoPH) said that at least 34 people across the country have died after being diagnosed with Crimean-Congo hemorrhagic fever (CCHF) CCHF is endemic in Africa, the Balkans, the Middle East and Asia. There is no vaccine available for either people or animals.",9/4/2018,,33.0,66.0,,,,34.0,Chora
